REPUBBLICA,allora,neo,?,?,DET ADV NOUN,"si ritrova neppure se gli occhi sono quelli funerei del passato prossimo , quando ( si era nel 1977 )",l' allora neo,"sindaco carlo tognoli , sconsolato , ammetteva che sì , milano torna indietro , ha il fiato grosso ."
REPUBBLICA,allora,neo,?,?,DET ADV NOUN,"a poco tempo fa , pellegrini conviveva spiacevolmente con l' immagine di cuoco di casa agnelli , maligna definizione per",l' allora neo,"presidente dell' inter , che aveva in gestione l' albergo di villar perosa sfruttato dai bianconeri per i ritiri estivi ."
ITWAC,allora,neo,?,?,DET ADV NOUN,"nel 2000 , si recò in iraq per avviare un rapporto di collaborazione con la facoltà di scienze e con",l' allora neo,costituito dipartimento di astronomia .
ITWAC,allora,neo,?,?,DET ADV NOUN,"parte , ricorda il segretario generale della cisl , "" occorre riconoscere che il governo fu chiaro da subito :",l' allora neo,"ministro maroni proprio al nostro scorso congresso ci invitò a scordarcela , parlando piuttosto di dialogo sociale , diventato poi confronto"
ITWAC,allora,neo,?,?,DET ADV NOUN,"vittorio dei brandonisio di parma , esteta , maestro dell' arte culinaria , ma soprattutto appassionato bridgista , si presentò",all' allora neo,"eletto presidente federale guido barbone , proponendo salsomaggiore quale sede dei campionati italiani ."
ITWAC,allora,neo,?,?,DET ADV NOUN,chi ricorda,l' allora neo,"segretario alla fine del discorso conclusivo del congresso di pesaro , quando paragonò commuovendosi  imagine ' di john lennon con"
ITWAC,allora,neo,?,?,DET ADV NOUN,"distratti , che il disegno di questo governo sulla scuola pubblica è per la stessa devastante : tutto cominciò quando",l' allora neo,ministra all' istruzione fece il suo proclama al meeting di rimini nel lontano luglio 2001 : disse che era sua intenzione
ITWAC,allora anche,produttore,Job,Passato,DET ADV NOUN,"non sbaglio poi ci fu una trasmissione ( sceneggiata sarebbe meglio dire ) radiofonica intorno al 1940 creata e condotta",dall' allora anche produttore,"radiofonico orson wells ( chiaramente sulla base fedele a quanto pare del libro di h.g. wells ) che prevedeva l' interruzione"
REPUBBLICA,allora ancora,ct,Role,Passato,DET ADV NOUN,"sono diversi i documenti che testimoniano dell' attività",dell' allora ancora ct,"della nazionale , nella zona del biellese , già nel settembre del '43 ."
ITWAC,allora ancora,ministro,Role,Passato,DET ADV NOUN,"le altre donne a protestare insieme a loro per il fatto che neppure una parola ha segnalato - nel documento",dell' allora ancora ministro,"de mauro - che esiste una storiografia femminile ; oltre a un desiderio delle donne e anche di alcuni uomini di"
REPUBBLICA,neo-ex,fascisti,?,?,,"c' è se non la mano generosa di silvio berlusconi , prodigo di incarichi per il più berlusconiano fra ",i neo-ex fascisti, ?
REPUBBLICA,neo,questo,?,?,PREFIX,"via i monumenti della grande paura nera e al loro posto sorgessero i palazzacci d' uffici neo-gotici , post-moderni ,",neo-questo,"o post-quello che passano per urban renewal , per risanamento urbano ."
ITWAC,allora prima,deputato,Role,Passato,DET ADV NOUN,"salendo pian piano qualche gradino accanto a quello che negli anni ottanta era il plenipotenziario locale dei governi pentapartiti ,",l' allora prima deputato,e poi senatore franco bonferroni .
ITWAC,allora prima,deputato,Role,Passato,DET ADV NOUN,"salendo pian piano qualche gradino accanto a quello che negli anni ottanta era il plenipotenziario locale dei governi pentapartiti ,",l' allora prima deputato,e poi senatore franco bonferroni .
ITWAC,mai più,amore,Entity,Passato,DET ADV NOUN,ancora è troppo presto e la tua pelle forse ancora calda e già di cera quel sorriso sulla giostra,del mai più amore,né più smagrita pozza oppure oceano col contagocce il dirsi strombato di silenzi e di lunghe erranze ancora troppo presto e