REPUBBLICA	fu	presidente	Role	?	, e de mita dovrà ingaggiare la gondrand per portare via i resti del suo vecchio amico nic , il	fu-presidente	dei senatori dicì .
REPUBBLICA	fu	impero	Qualification or Set of Circumstances	?	miss morgan praticano con una buona volontà degna di certi spettacoli che forse trovavano grazia nelle più sperdute colonie del	fu-impero	inglese , lo spettacolo piaf è anche firmato , per la regia , da un signore chiamato peter hall ,
REPUBBLICA	fu	scudo	?	?	a brescia , la città che lo vide trionfante , protagonista di una delle più scalpitanti carriere all' ombra del	fu-scudo	crociato ?
REPUBBLICA	fu	polo	?	?	ma il polo di centrodestra , anzi l' ex polo , il	fu-polo	, il defunto polo , non ha avuto la forza di chiedere e ottenere le elezioni " .
REPUBBLICA	fu	questione	?	?	gli interventi che si sono premurati , negli ultimi mesi , di rinverdire la discussione ormai un po' vizza sulla	fu-questione	morale , oggi retrocessa -- non si sa se per modestia o per sfinimento -- a una chiacchierata tra persone
REPUBBLICA	fu	candidati	?	?	nella piccola spoon river dei	fu-candidati	, la sua croce è accanto a quella del quasi ex sindaco vitali e del segretario sandro ramazza .
ITWAC	fu	ligier	?	?	mi ricorda un po' la storia di briatore e della	fu-ligier	, dei motori renault portati alla benetton ...
ITWAC	fu	craxiani	Cultural or political movement	?	, a scelta , alle dame di s. vincenzo o a qualcuno di quegli innovatori ante litteram che sono i	fu-craxiani	.
ITWAC	fu	redazione	?	?	quello nella caricatura è il mio ex-collega nikolai kontorov , uno dei dipendenti di clarence , una delle colonne della	fu-redazione	.
ITWAC	fu	sinistra	movimento culturale/politico	?	5 ) in quel che resta della	fu-sinistra	c' è uno scheletro , lasciato a suo tempo nell' armadio dai suoi esponenti impegnati nell' " intermediazione " e
ITWAC	fu	papa	Role	?	il che , vedendo certi personaggi che questo stesso	fu-papa	ha elevato agli onori degli altari , potrebbe anche non essere del tutto un complimento .
ITWAC	fu	dialetto	?	?	aggiungo che nel	fu-dialetto	di milano " la calsètta " , plurale ( femminile ) " i calsètt " , indicava sia l' indumento
ITWAC	fu	gruppo	Qualification or Set of Circumstances	?	comportamento della maggioranza che si é arrogata il diritto di interferire nelle scelte dell' opposizione sottolinea la cecitá politica del	fu-gruppo	di minoranza di forza italia che , con questa sua posizione ha inteso collocarsi - quando conviene - a fianco
ITWAC	fu	editore	Job or Career	?	ordinare qui : www.amazon.co.uk away days ( a cura di franco ) kevin samson e' un tifoso del liverpool nonche'	fu-editore	della fanzine " the end " ( pietra miliare del movimento fanzine alla fine dei settanta ) e manager del
ITWAC	fu	partito	Qualification or Set of Circumstances	?	esso rivela lo spaccato di un	fu-partito	ridotto a carrierificio personale , del suo leader per primo e poi , a seguire , dei suoi affannati colonnelli
ITWAC	fu	marito	Kinship	?	dialogo in studio tra pierfida che saluta la ex-moglie di domenico e costei che per ribadire quanto reputi cojone il	fu-marito	lo definisce come uno perfettamente adatto per il gf .
ITWAC	fu	motorino	?	?	oo sottotitolo : un personale , di mattina , sul suo	fu-motorino	.
ITWAC	fu	partiti	?	?	la sinistra dei	fu-partiti	di massa ha imparato a recitare il mea culpa e a fare professione di fede liberale , ovvero a riconoscere
ITWAC	fu	allenatore	Job or Career	?	sempre restando in tema di incapacità del	fu-allenatore	nello stimare chi valeva o chi vale , abbiamo ammirato la superbe prove di dellas ( il perno centrale della
