REPUBBLICA,mai,film,,?,DET ADV NOUN,"anzi ,",il mai film,di fellini .
ITWAC,mai,fumatori,,?,DET ADV NOUN,"tabella per approfondire le conoscenze sui danni causati dal fumo passivo , il questionario epic ha anche indagato sull' esposizione",dei mai fumatori,"al fumo passivo , sia nell' infanzia che nell' età adulta ."
ITWAC,mai,fumatori,,?,DET ADV NOUN,"al momento dell' arruolamento invece , il 18,3 %",dei mai fumatori,"e il 23,3 % delle mai fumatrici rispondeva di essere esposto al fumo del coniuge ."
ITWAC,mai,fumatori,,?,DET ADV NOUN,"in conclusione , sono soprattutto i padri ed i colleghi ad "" affumicare """,i mai fumatori,.
ITWAC,mai,fumatrici,,?,DET ADV NOUN,"al momento dell' arruolamento invece , il 18,3 % dei mai fumatori e il 23,3 %",delle mai fumatrici,rispondeva di essere esposto al fumo del coniuge .
ITWAC,mai,fumatrici,?,?,DET ADV NOUN,sia i mai fumatori che,le mai fumatrici,tendono invece ad essere poco esposti al fumo del partner .
REPUBBLICA,mai,morti,,?,DET ADV NOUN,però appartiene alla razza,dei mai morti,.
REPUBBLICA,mai,morti,,?,DET ADV NOUN,li chiameremo,i mai morti,( mm ) .
REPUBBLICA,mai,morti,,?,DET ADJ ADV NOUN,"bartali , l' epigono dei maratoneti ",mai morti,", che lo aspetta sulla linea di partenza ."
REPUBBLICA,mai,morti,,?,DET ADJ ADV NOUN," è l' epigono	dei maratoneti ",mai morti,.
REPUBBLICA,mai,morti,,?,DET ADJ ADV NOUN,era l' epigono dei maratoneti ,mai morti,", un arrampicatore formidabile ."
ITWAC,mai,morti,,?,DET ADJ ADV NOUN,"comiche , ma sceglie ancora una volta di metterle al servizio del confronto delle idee , come già era avvenuto nel contrastatissimo ",mai morti,.
ITWAC,mai,morti,,?,DET ADV NOUN,"; insieme a pietro valpreda ha scritto quattro gocce di acqua piovana , la nevicata dell' 85 e la primavera",dei mai morti,", tutti pubblicati da tropea ."
ITWAC,mai,morti,Qualification or Set of Circumstances,?,DET ADV NOUN,"è un istruttore , semmai , uno",dei mai morti,", uno che l ´ esempio lo dà sul campo , non a parole ."
ITWAC,mai,morti,,?,DET ADV NOUN,"; insieme a pietro valpreda ha scritto quattro gocce di acqua piovana , la nevicata dell' 85 e la primavera",dei mai morti,", tutti pubblicati da tropea ."
ITWAC,mai,morti,,?,DET ADV NOUN,"insieme a pietro valpreda ha scritto quattro gocce d' acqua piovana , la nevicata dell' 85 e la primavera",dei mai morti,", tutti con pietro binda come protagonista ."
ITWAC,mai,visto,?,?,DET ADV NOUN,"film , il commovente "" sweet november "" con keanu reeves e charlize theron nel cortile della vecchia pretura e",il mai visto,"a varese "" honolulu baby "" di maurizio nichetti ai giardini estensi ."
ITWAC,mai,visto,?,?,DET ADV NOUN,"mi riferisco al "" jamais vu "" ,",al mai visto,", in virtù del quale , capita di non riconoscere come esperienza propria , personale , una situazione nella quale siamo"
ITWAC,mai,visto,?,?,DET ADV NOUN,"gli hinuit del canada vedono l' inedito ,",il mai visto,"alle loro latitudini : nelle zone circumpolari passano ormai gli uccelli migratori , e per la prima volta dalle eternità del"
ITWAC,mai,visto,?,?,DET ADV NOUN,"mi riferisco al "" jamais vu "" ,",al mai visto,", in virtù del quale , capita di non riconoscere come esperienza propria , personale , una situazione nella quale siamo"
ITWAC,mai,visto,?,?,DET ADV NOUN,e via immaginando e costruendo :,il mai visto,", il mai immaginato ..."
ITWAC,mai,visto,?,?,DET ADV NOUN,"ma come modi di pensare , metafore usate , senso di valicare il limite , di trovare il nuovo ,",il mai visto,"( dark side ) , parole dal suono esoterico o immagini semplicemente belle ."
ITWAC,mai,visto,?,?,DET ADV NOUN,", per dar vita anche all' apparente impossibile ; · estrosità benvenuta , dove il nuovo , l' originale ,",il mai visto,"non fa più paura anzi viene accolto con favore · moltiplicazione sistematica delle proposte , da idea nasce idea senza più"
ITWAC,mai,visto,?,?,DET ADV NOUN,"un miracolo un miracolo è dunque quello che ci serve , lo straordinario ,",il mai visto,", l' inimmaginabile , l' insolito , quanto è fuori della nostra portata ."